"Wolbachia",""
"centrifugation",""
"quenching",""
"lipid extraction",""
"vortexing",""
"reversed-phase chromatography",""
"liquid chromatography ",""
"Dionex Ultimate 3000 ",""
"direct infusion",""
"negative ion mode",""
"Fourier-transform ion cyclotron resonance mass spectrometer",""
"electrospray ionization ",""
"tandem mass spectrometry",""
"Lipid Maps",""
"blood sample",""
"vacuum evaporation",""
"Michrom Paradigm MS4 ",""
"Thermo Fisher Scientific LTQ Orbitrap",""
"positive ion mode",""
"MZmine",""
"Glycine max",""
"flash freezing",""
"homogenization",""
"sonication",""
"Waters Acquity UPLC",""
"hydrophilic interaction liquid chromatography ",""
"Waters SynaptG2-Si HDMS ",""
"Metlin",""
"Micromonas pusilla ",""
"liquid-liquid extraction ",""
"vacufuge",""
"Phenomenex Synergi 4 microm Fusion",""
"Thermo Scientific TSQ Vantage Triple Stage Quadrupole Mass Spectrometer ",""
"Fourier-transform ion cyclotron resonance mass spectrometer ",""
"XCMS",""
"METLIN",""
"MetFrag",""
"seawater",""
"solid phase extraction",""
"Cichorium endivia ",""
"Waters Alliance ",""
"Waters Micromass QTof Micro",""
"collision induced dissociation",""
"MassLynx ",""
"Saccharomyces cerevisiae ",""
"Thermo TSQ Quantum Ultra ",""
"Agilent 7890 Series",""
"gas chromatography",""
"electron ionization",""
"field ionization",""
"JEOL AccuTOF GCv 4G GC ",""
"precipitation",""
"plant sample ",""
"simulated dataset",""
"statistical evaluation",""
"Hamilton Microlab Star ",""
"Sciex QTRAP ",""
"Multiple Reaction Monitoring ",""
"LipidView ",""
"MultiQuant",""
"dilution",""
"Waters Xevo G2 QtoF",""
"Waters Quattro Premier XE Triple Quadrupolar MS",""
"DNA",""
"incubation",""
"denaturation",""
"Dionex UltiMate 3000",""
"Thermo Scientific Qexactive",""
"Parallel Reaction Monitoring",""
"XCalibur Qual Browser ",""
"XCalibur Quan Browser ",""
"mouse",""
"Agilent 1290",""
"Agilent 6490 Triple Quadrupole LC/MS",""
"blood plasma sample",""
"evaporation",""
"HMDB",""
"MassBank",""
"Jurkat cells",""
"human",""
"vacuum filtration",""
"LECO Pegasus 4D GCxGC-TOFMS",""
"ChromaTOF ",""
"MetPP ",""
"KEGG",""
"B. Methanolicus ",""
"isotopic labeling",""
"Eksigent nanoLC Ultra",""
"Thermo Fisher Scientific LTQ FT Ultra",""
"nanoelectrospray ionization",""
"Selected Ion Monitoring",""
"vacuum centrifugation",""
"Hitachi LaChromUltra",""
"Bruker micrOTOF-Q",""
"centroid mode",""
"ALLocator ",""
"insulin related",""
"Mouse",""
"Thermo Exactive Orbitrap",""
"manual identification",""
"fragment analysis",""
"liver samples",""
"Agilent 6890 series",""
"Leco Pegasus III TOFMS",""
"rat",""
"urine sample",""
"Agilent 5973 series",""
"NIST",""
"Arabidopsis Thaliana",""
"leaves",""
"blood serum sample",""
"Phenomenex Luna NH2",""
"gas chromatography ",""
"Varian Inc Factor Four VF-5ms",""
"TargetFinder",""
"Lotus japonicus",""
"In-house growth",""
"Lotus cretius",""
"Lotus corniculatus",""
"Lotus tenius",""
"salinity stress",""
"Golm Metabolome Database",""
"Synechocystis",""
"CO2 stress",""
"Thermo Fisher Accela",""
"single ion monitoring",""
"reference standard",""
"saliva",""
"antibiotics",""
"lysation",""
"freeze drying",""
"Shimadzu Prominence",""
"AB Sciex TripleTOF",""
"Grapes",""
"fermentation",""
"Agilent J&W DB-5MS column ",""
"Duragard Capillary column ",""
"TOFMS",""
"microbes",""
"Agilent HP-FFAP",""
"Zebron ZB-AAA ",""
"Thermo Electron Trace DSQ ",""
"Agilent 1100 ",""
"Bruker Tesla Apex-Qe",""
"Chlamydomonas reinhardtii ",""
"Restek Rtx-5Sil MS",""
"Leco Pegasus 4D TOFMS",""
"plant-herbivore interaction",""
"Nicotiana attenuata ",""
"Thermo Scientific Acclaim",""
"physical activity",""
"splitless mode",""
"split mode",""
"randomized autosampler",""
"apple",""
"Waters Synapt HDMS QTOF-MS",""
"Trypanosoma brucei ",""
"dry ice",""
"Dionex UltiMate",""
"autosampler",""
"polarity switching mode",""
"calibration",""
"lock-mass correction",""
"Waters HSS T3",""
"identification by experiment",""
"panda",""
"milk sample",""
"ultrasonication ",""
"SIMCA-P ",""
"time-based sampling",""
"Waters Xevo G2 TOF",""
"yerba mate tea",""
"liquid extraction",""
"Agilent 5975 Series",""
"data-dependent acquisition",""
"Waters SynaptG1",""
"ChemSpider",""
"pregnancy-related study",""
"plant sample",""
"sheep",""
"pig",""
"injury stress",""
"muscle sample",""
"survival study",""
"Ruegeria pomeroyi ",""
"Tomato",""
"ripeness",""
"Thalassiosira pseudonana ",""
"phosphate-based study",""
"de-salting",""
"Synechococcus elongatus ",""
"multiple stress factors",""
"skin sample",""
"MMCD",""
"hordeus vulgare",""
"drought stress",""
"Bruker Esquire 3000",""
"coral",""
"infection based study",""
"Agilent HP-5MS",""
"SoyCyc ",""
"EMBL-EBI",""
"Pubchem",""
"KNApSAcK",""
"Biocyc",""
"randomized sampling",""
"HSS T3",""
"wheat",""
"Agilent XL MSD",""
"neuroblastoma cells",""
"receptor block study",""
"Rat",""
"Euglena gracilis",""
"shaker",""
"QuanLynx",""
"tomato",""
"solid-liquid extraction",""
"health-related study",""
"randomized analysis",""
"quantitative analysis",""
"diet-based study",""
"cassava",""
"grapes",""
"fecal sample",""
"FiehnLib",""
"genetics based study",""
"cyanobacteria",""
"species interaction study",""
"vacuum drying",""
"cancer study",""
"Waters QTOF Premier",""
"cow",""
"heart tissue sample",""
"technical study",""
"Sweet sorghum",""
"Thermo MassFrontier",""
"reference standard samples",""
"yeast",""
"nitrogen starvation",""
"Beckman Coulter Gold 127",""
"Bruker Esquire 6000",""
"pathological experiment",""
"MetaboAnalyst",""
